,AAA.ATPase,AAA_21,ABC_N,ATPase,AbiD,Acetyltransf_4,Acyl_transf_1,Adeno_IVa2,ArsP_1,Blt1_C,Cas1,Cas2,Citrate_ly_lig,DHHA2,DUF1385,DUF3721,DUF4709,DUF5724,DUF6395,DisA.linker,DoxA,DrsE,E1.E2_ATPase,FAE1_CUT1,Flavin_Reduct,GajB_00015,HMA_2,HicA_toxin,HicB_lk_antitox,HlyD_2,Metallophos_3,Mfp.3,OEP,Pro_isomerase,PtuA1_00004,Pyc_TIR,Ribonucleas_3_3,Ribosomal_L32p,Ribosomal_L50,SecG,Sep15_SelM,SpoVAD,TIM,TnsC_0_V.K,UPF0257,Cas13a
4,0,0.5625,0,0,0,0.3125,0,0.4375,0,0,0,0,0,0,0,0,0,0,0,0,0,0,0,0,0,0,0,0,0,0,0,0,0,0,0,0,0,0,0,0,0.8125,0,0,0,0,1.1875
5,0,0,0,0,0,0,0,0,0.4,0,0,0,0,0,0,0,0,0,0.933333333,0,0.533333333,0.466666667,0,0,0,0,0,0,0,0.333333333,0,0.933333333,0.533333333,0,0,0.6,0,0,0,0,0,0,0,0,0,1
6,0,0,0,0,0,0,0,0,0,0.333333333,0.037037037,0.037037037,0.074074074,0.407407407,0,0,0,0,0,0,0,0,0,0,0,0.333333333,0,0.925925926,0.925925926,0,0,0.037037037,0,0.333333333,0,0,0,0,0,0.666666667,0,0,0.666666667,0,0,1
7,0.527777778,0.027777778,0,0.333333333,0.305555556,0.055555556,0.444444444,0,0,0,1,1,0.416666667,0,0.388888889,0.333333333,0.305555556,0.361111111,0,0.416666667,0,0,0.583333333,0.416666667,0.194444444,0,0.555555556,0,0,0,0.472222222,0.055555556,0,0,0.444444444,0,0.416666667,0.444444444,0.444444444,0,0,0.444444444,0,0.305555556,0.638888889,1.083333333
8,0.176470588,0.029411765,0.441176471,0,0,0.029411765,0,0,0,0,1.176470588,1,0,0,0,0,0,0,0,0,0,0,0,0,0.382352941,0,0,0.735294118,0.882352941,0,0,0,0,0,0.029411765,0,0,0,0,0,0,0,0,0,0,1
